,start_time,end_time,sid
0,0.0,0.151037,1
1,2.051534,2.351534,1
2,3.401534,3.59114,1
3,3.59114,3.804775,1
4,3.804775,3.968643,1
5,3.968643,4.405624,1
6,4.405624,4.76856,1
7,4.76856,5.057453,1
8,5.434956,5.561498,1
9,5.561534,5.951534,1
10,5.951534,6.461534,1
11,6.461534,6.671534,1
12,6.671534,7.061534,1
13,10.481534,10.841534,1
14,10.871534,11.321534,1
15,11.321534,11.471534,1
16,11.471534,11.861534,1
17,11.891534,12.371534,1
18,12.521534,12.791534,1
19,12.791534,12.881534,1
20,12.881534,13.031534,1
21,13.031534,13.301534,1
22,13.301534,13.571534,1
23,13.571534,13.841534,1
24,13.841534,14.051534,1
25,14.501534,14.621534,1
26,14.621534,14.771534,1
27,14.771534,14.951534,1
28,14.951534,15.303435,1
29,15.303435,15.429674,1
30,15.429674,15.58019,1
31,16.585245,16.791597,1
32,16.871534,17.111534,1
33,17.111534,17.441534,1
34,17.4762,17.667986,1
35,17.667986,17.920464,1
36,17.692263,17.869483,1
37,17.920464,18.461534,1
38,18.491534,18.641534,1
39,18.671534,18.821534,1
40,18.821534,19.181534,1
41,19.181534,19.481534,1
42,20.891534,21.371534,1
43,21.371534,21.461534,1
44,21.461534,21.581534,1
45,21.581534,21.911534,1
46,21.911534,22.031534,1
47,22.031534,22.361534,1
48,22.361534,22.661534,1
49,22.661534,23.351534,1
50,23.351534,23.471534,1
51,23.471534,24.071534,1
52,24.071534,24.311534,1
53,24.641534,25.241534,1
54,25.241534,25.361534,1
55,25.361534,25.451534,1
56,25.451534,25.691534,1
57,25.691534,25.842717,1
58,25.842717,26.201534,1
59,26.801534,26.951534,1
60,26.951534,26.981534,1
61,26.981534,27.161534,1
62,27.161534,27.371534,1
63,27.371534,27.521534,1
64,27.521534,27.641534,1
65,27.641534,27.821534,1
66,27.821534,28.091534,1
67,28.661534,28.841534,1
68,28.841534,28.961534,1
69,28.961534,29.111534,1
70,29.111534,29.171534,1
71,29.171534,29.441534,1
72,29.441534,29.591534,1
73,29.591534,29.771534,1
74,29.771534,29.891534,1
75,29.891534,29.981534,1
76,29.981534,30.431534,1
77,30.521534,30.881534,1
78,31.121534,31.299354,1
79,31.299354,31.415882,1
80,32.411534,32.591534,1
81,32.591534,32.770522,1
82,32.771534,32.929715,1
83,32.929715,33.041534,1
84,33.281534,33.401534,1
85,33.401534,33.881534,1
86,33.881534,34.091534,1
87,34.091534,34.511534,1
88,34.541534,34.661534,1
89,34.66316,34.931534,1
90,34.931534,35.231534,1
91,35.471534,35.801534,1
92,37.541534,37.691534,1
93,37.691534,37.811534,1
94,37.811534,38.441534,1
95,39.941534,40.511534,1
96,42.221534,42.401534,1
97,42.401534,42.521534,1
98,42.521534,42.671534,1
99,42.671534,42.731534,1
100,42.731534,43.181534,1
101,43.181534,43.421534,1
102,43.421534,43.481534,1
103,43.481534,43.871534,1
104,43.871534,43.991534,1
105,43.991534,44.081534,1
106,44.081534,44.338371,1
107,44.338371,44.392387,1
108,44.392387,44.502239,1
109,44.502239,44.681534,1
110,44.921534,45.037733,1
111,45.036933,45.100734,1
112,45.101534,45.283394,1
113,45.283394,45.53764,1
114,45.315389,45.615389,0
115,47.064038,47.215767,1
116,47.215767,47.471534,1
117,47.531534,47.741534,1
118,47.741534,47.921534,1
119,47.921534,48.096297,1
120,48.045389,48.345389,0
121,48.971534,49.121534,1
122,49.121534,49.241534,1
123,49.241944,49.391534,1
124,49.391534,49.691534,1
125,49.691534,49.901534,1
126,50.531534,50.621534,1
127,50.621534,50.951534,1
128,51.161534,51.461534,1
129,51.441425,51.795865,0
130,51.824092,52.001534,1
131,52.001534,52.229513,1
132,52.035389,52.305389,0
133,52.229513,52.451534,1
134,52.305389,52.455389,0
135,52.451534,52.604588,1
136,52.455389,53.025389,0
137,52.774525,53.111534,1
138,53.025389,53.475389,0
139,53.685389,53.775389,0
140,53.775389,54.135389,0
141,54.135389,54.417749,0
142,54.417749,54.723635,0
143,54.723635,54.966402,0
144,55.189748,55.587886,0
145,55.583031,55.748112,0
146,55.935389,56.175389,0
147,56.175389,56.505389,0
148,57.671534,58.211534,1
149,59.480964,59.505241,1
150,59.505241,59.591423,1
151,59.591534,59.801534,1
152,59.801534,60.431534,1
153,60.521534,60.821534,1
154,60.821534,61.001534,1
155,61.001534,61.241534,1
156,61.301534,61.421534,1
157,61.421534,61.541534,1
158,61.541534,61.751534,1
159,61.751534,61.841534,1
160,61.841534,62.281251,1
161,62.321534,62.441534,1
162,62.441534,62.531534,1
163,62.531534,62.681534,1
164,62.681534,62.861534,1
165,62.861534,63.041534,1
166,63.191534,63.43138,1
167,63.431534,64.181534,1
168,64.181534,64.271534,1
169,64.271534,64.423321,1
170,64.519593,64.815769,1
171,65.321534,65.501534,1
172,65.501534,65.561534,1
173,65.561534,65.711534,1
174,65.711534,65.801534,1
175,65.801534,66.011534,1
176,65.890801,66.23553,0
177,66.011534,66.191534,1
178,66.191534,66.311534,1
179,66.311534,66.521534,1
180,66.551534,66.761534,1
181,66.761534,67.001534,1
182,67.001534,67.181534,1
183,67.181534,67.631534,1
184,67.631534,67.961534,1
185,71.139548,71.289548,0
186,71.289548,71.619548,0
187,71.619548,71.829548,0
188,73.449548,73.749548,0
189,74.319548,74.439548,0
190,74.439548,74.709548,0
191,74.709548,74.829548,0
192,74.829548,74.949548,0
193,74.949548,75.009548,0
194,75.009548,75.669548,0
195,75.729548,75.939548,0
196,75.939548,76.119548,0
197,76.149548,76.479548,0
198,76.569548,76.899548,0
199,77.319548,77.469548,0
200,77.469548,77.739548,0
201,77.739548,78.069548,0
202,78.069548,78.339548,0
203,78.339548,78.489548,0
204,78.489548,78.819548,0
205,78.819548,79.359548,0
206,79.419548,79.629548,0
207,79.629548,79.689548,0
208,79.689548,79.899548,0
209,79.899548,80.019548,0
210,80.019548,80.229548,0
211,80.229548,80.409548,0
212,80.409548,80.619548,0
213,80.619548,80.799548,0
214,80.799548,81.159548,0
215,81.159548,81.699548,0
216,81.699548,82.209548,0
217,82.389548,82.929548,0
218,82.929548,83.139548,0
219,84.459548,84.699548,0
220,84.699548,84.879548,0
221,84.879548,85.179548,0
222,85.721534,86.171534,1
223,86.232676,86.349204,1
224,86.349204,86.458449,1
225,86.458449,86.543418,1
226,86.543418,86.662373,1
227,86.662373,86.742486,1
228,86.740059,86.921534,1
229,86.921534,87.131534,1
230,87.731534,87.881534,1
231,87.881534,88.151534,1
232,88.241534,88.661534,1
233,88.721534,89.141534,1
234,89.231534,89.591534,1
235,89.621534,90.341534,1
236,90.401534,90.911534,1
237,90.971534,91.272519,1
238,91.272398,91.511534,1
239,91.511534,91.931534,1
240,92.171534,92.291534,1
241,92.291534,92.381534,1
242,92.381534,92.621534,1
243,92.651534,92.861534,1
244,92.861534,93.430113,1
245,93.431453,93.491453,1
246,93.49182,93.701534,1
247,93.731534,94.001534,1
248,94.091534,94.271534,1
249,94.871534,95.231534,1
250,95.231534,95.411534,1
251,95.411534,95.651534,1
252,95.651534,95.741534,1
253,95.741534,95.951534,1
254,95.951534,96.191534,1
255,96.191534,96.311534,1
256,96.311534,96.461534,1
257,96.461534,96.821534,1
258,97.389548,97.629548,0
259,97.779548,98.109592,0
260,98.109607,98.619548,0
261,99.069548,99.369548,0
262,100.659548,101.229548,0
263,103.929548,104.439548,0
264,104.529548,104.709548,0
265,106.599548,107.109548,0
266,107.109548,107.499548,0
267,107.499548,107.559548,0
268,107.559548,107.769548,0
269,107.769548,108.039548,0
270,113.667777,114.20672,1
271,114.611534,114.851534,1
272,114.648129,114.861764,0
273,114.851534,115.331534,1
274,115.541534,115.721534,1
275,115.721534,115.841534,1
276,115.841534,116.051534,1
277,116.051534,116.231534,1
278,116.231534,116.441534,1
279,116.441534,116.648956,1
280,116.651534,116.861534,1
281,116.861534,117.671534,1
282,117.701534,117.911534,1
283,117.911534,118.211534,1
284,118.931534,119.291534,1
285,119.169548,119.469548,0
286,119.561534,119.921534,1
287,119.889548,120.069548,0
288,120.069548,120.129548,0
289,120.129548,120.429548,0
290,120.759548,121.179548,0
291,121.179548,121.329548,0
292,121.419548,121.629548,0
293,121.629548,122.109548,0
294,122.439548,122.679548,0
295,122.679548,122.889548,0
296,122.889548,122.979548,0
297,122.979548,123.339548,0
298,123.339548,123.579548,0
299,123.579548,124.149548,0
300,124.149548,124.419548,0
301,124.719548,124.929548,0
302,124.929548,124.984509,0
303,124.984509,125.229548,0
304,125.229548,125.409548,0
305,125.409548,125.619548,0
306,125.619548,125.739548,0
307,125.739548,126.039548,0
308,126.039548,126.369548,0
309,126.369548,126.819548,0
310,126.888869,126.918608,1
311,126.918608,127.001534,1
312,127.001534,127.211534,1
313,127.211534,127.271534,1
314,127.271534,127.391534,1
315,127.391534,127.571534,1
316,127.571534,127.751534,1
317,127.751534,127.811534,1
318,127.811534,128.351534,1
319,128.621534,128.921534,1
320,128.921534,129.251534,1
321,129.401534,129.581534,1
322,129.581534,129.611534,1
323,129.611534,130.091534,1
324,130.091534,130.211534,1
325,130.211534,130.361534,1
326,130.361534,130.661519,1
327,130.661534,130.841534,1
328,131.501534,131.770914,1
329,131.771505,131.951534,1
330,131.951534,132.221534,1
331,132.671534,132.904107,1
332,132.908277,133.06729,1
333,133.422943,133.580742,1
334,133.569548,134.103478,0
335,133.901534,134.021534,1
336,134.021534,134.291534,1
337,134.291534,134.591534,1
338,134.604644,134.711534,1
339,134.711534,135.071534,1
340,135.071534,135.191534,1
341,135.191534,135.281534,1
342,135.281534,135.371534,1
343,135.371534,135.671534,1
344,135.671534,136.211534,1
345,136.211534,136.331534,1
346,136.331534,136.541534,1
347,136.871534,137.231534,1
348,137.231534,137.351534,1
349,137.351534,137.561534,1
350,137.621534,137.861534,1
351,137.861534,138.191534,1
352,139.059548,139.179548,0
353,139.179548,139.839548,0
354,140.740729,141.279548,0
355,141.429548,141.879548,0
356,141.879548,142.329548,0
357,143.199548,143.739548,0
358,144.459548,144.729548,0
359,144.729548,145.029548,0
360,145.029548,145.209548,0
361,145.209548,145.869548,0
362,146.589548,147.099548,0
363,148.959548,149.079548,0
364,149.079548,149.379548,0
365,149.379548,149.439548,0
366,149.439548,149.709548,0
367,149.709548,149.949548,0
368,150.099548,150.489548,0
369,152.109548,152.499548,0
370,152.529548,152.889548,0
371,152.889548,153.009548,0
372,153.009548,153.519548,0
373,155.531534,155.861534,1
374,157.269548,157.569548,0
375,157.569548,157.749548,0
376,157.779548,158.049548,0
377,158.049548,158.319548,0
378,158.919548,159.309548,0
379,159.309548,159.429548,0
380,159.429548,159.489548,0
381,159.489548,159.789548,0
382,159.789548,159.909548,0
383,159.909548,160.149548,0
384,160.149548,160.719548,0
385,160.809548,161.019548,0
386,161.019548,161.259548,0
387,161.259548,161.560429,0
388,163.320916,163.893846,1
389,164.051534,164.261534,1
390,164.261534,164.501534,1
391,164.612436,164.894046,1
392,166.121534,166.301534,1
393,166.301534,166.601534,1
394,166.601534,166.721534,1
395,166.721534,166.991534,1
396,166.991534,167.171534,1
397,167.171534,167.321534,1
398,167.321534,167.531534,1
399,167.531534,167.681534,1
400,167.681534,167.801534,1
401,167.801534,168.071534,1
402,168.071534,168.551534,1
403,168.551534,168.581534,1
404,168.581534,169.001534,1
405,169.001534,169.091534,1
406,169.091534,169.241534,1
407,169.331534,169.691534,1
408,169.691534,169.781534,1
409,169.781534,170.236134,1
410,170.235527,170.270122,1
411,170.270122,170.512889,1
412,170.919548,171.309548,0
413,171.309548,171.549548,0
414,171.549548,171.729548,0
415,171.729548,172.239548,0
416,172.599548,172.689548,0
417,172.689548,172.899548,0
418,172.899548,173.079548,0
419,173.079548,173.289548,0
420,173.289548,173.739548,0
421,173.739548,173.859548,0
422,173.859548,173.949548,0
423,173.949548,174.279548,0
424,174.8305,175.163091,1
425,175.719548,176.019548,0
426,176.019548,176.109548,0
427,176.109548,176.409987,0
428,176.409987,176.469548,0
429,176.469548,176.858244,0
430,176.858244,177.219548,0
431,177.219548,177.279548,0
432,177.279548,177.639548,0
433,177.911534,178.151534,1
434,178.151534,178.421534,1
435,178.421534,178.901534,1
436,179.321534,179.981534,1
437,179.981534,180.371534,1
438,180.371534,180.521534,1
439,180.429548,180.759548,0
440,182.201534,182.381534,1
441,182.381534,182.591534,1
442,182.591534,182.741534,1
443,182.741534,182.981534,1
444,183.641534,183.701534,1
445,183.701534,184.001534,1
446,184.001534,184.179458,1
447,184.181622,184.541534,1
448,184.541534,184.841534,1
449,185.379548,185.649548,0
450,185.9905,186.281821,1
451,186.549548,186.939548,0
452,186.551534,186.656289,1
453,186.656289,186.777672,1
454,186.939548,187.089548,0
455,187.089548,187.599548,0
456,187.629548,187.959548,0
457,188.649548,189.039548,0
458,189.039548,189.339548,0
459,190.329548,190.419548,0
460,190.419548,190.569548,0
461,190.569548,190.749548,0
462,191.651534,192.101534,1
463,192.101534,192.281534,1
464,192.311534,192.461534,1
465,192.461534,192.671534,1
466,192.671534,192.851534,1
467,193.481534,193.571534,1
468,193.571534,193.811534,1
469,193.811534,194.051534,1
470,194.501534,194.681534,1
471,194.681534,195.251534,1
472,195.251534,195.461534,1
473,195.461534,195.791534,1
474,195.791534,195.941534,1
475,195.941534,196.451534,1
476,196.451534,196.628267,1
477,196.628267,197.021534,1
478,197.021534,197.291534,1
479,197.321534,197.711534,1
480,197.741534,198.251534,1
481,198.671534,198.881534,1
482,198.971534,199.551466,1
483,199.551466,199.631534,1
484,199.631534,199.781534,1
485,199.781534,199.871534,1
486,199.871534,200.111534,1
487,200.724031,200.874546,1
488,200.874546,201.156156,1
489,202.211534,202.481534,1
490,202.481534,202.601534,1
491,202.601534,203.081534,1
492,203.111534,203.231534,1
493,203.231534,203.411534,1
494,203.411534,203.651534,1
495,203.651534,203.831534,1
496,203.831534,204.101534,1
497,204.101534,204.281534,1
498,204.311534,204.431534,1
499,204.431534,204.701534,1
500,204.701534,205.151534,1
501,205.797255,205.836704,1
502,205.836704,206.00482,1
503,206.00482,206.097072,1
504,206.097072,206.152301,1
505,206.152301,206.314955,1
506,206.314955,206.381534,1
507,206.381534,206.681534,1
508,206.681534,206.831534,1
509,206.831534,206.969212,1
510,206.969212,207.123976,1
511,207.123976,207.442608,1
512,208.125997,208.650374,1
513,208.135997,208.950374,0
514,209.739548,209.889548,0
515,209.889548,210.249548,0
516,210.279548,210.639548,0
517,210.639548,210.939548,0
518,210.999548,211.599548,0
519,212.139548,212.919548,0
520,212.919548,213.159548,0
521,213.189548,213.579548,0
522,213.579548,214.089548,0
523,214.989548,215.199548,0
524,215.199548,215.289548,0
525,215.289548,215.559548,0
526,215.559548,215.769548,0
527,215.769548,215.919548,0
528,215.919548,216.219548,0
529,216.219548,216.339548,0
530,216.339548,216.639548,0
531,216.639548,216.879548,0
532,216.879548,217.149548,0
533,217.149548,217.539548,0
534,217.631534,217.991534,1
535,218.799548,218.979548,0
536,218.979548,219.519548,0
537,219.671534,219.911534,1
538,219.911534,220.031534,1
539,220.031534,220.181534,1
540,220.181534,220.361534,1
541,220.601534,220.901534,1
542,221.201534,221.621534,1
543,222.249548,222.519228,0
544,222.519228,222.669548,0
545,222.669548,223.149548,0
546,223.359548,223.659548,0
547,223.391534,223.661534,1
548,224.201534,224.381534,1
549,224.319548,224.529548,0
550,224.381534,224.501534,1
551,224.501534,224.741534,1
552,224.529548,224.919548,0
553,224.741534,225.011534,1
554,225.011534,225.161534,1
555,225.161534,225.251534,1
556,225.251534,225.791534,1
557,225.8577,226.178153,1
558,227.471534,227.621534,1
559,227.621534,227.771534,1
560,227.769548,228.099548,0
561,227.771534,228.191534,1
562,228.194434,228.401534,1
563,228.609548,228.729548,0
564,228.729548,228.999548,0
565,228.999548,229.359548,0
566,229.359548,229.809548,0
567,229.809548,230.049548,0
568,230.619548,230.949548,0
569,231.069548,231.309548,0
570,231.309548,231.609548,0
571,231.609548,232.089548,0
572,232.263896,232.380424,0
573,232.419548,232.689548,0
574,232.991534,233.201534,1
575,233.201534,233.381534,1
576,233.381534,233.681534,1
577,233.681534,233.922421,1
578,233.919548,234.249548,0
579,234.456508,234.791527,1
580,235.361534,235.571534,1
581,235.571534,235.841534,1
582,235.989548,236.139548,0
583,236.139548,236.379548,0
584,236.559548,236.949548,0
585,236.979548,237.159548,0
586,237.159548,237.339548,0
587,237.339548,237.609548,0
588,237.609548,237.909548,0
589,237.909548,238.059548,0
590,238.059548,238.599548,0
591,238.779548,238.929548,0
592,238.929548,239.049548,0
593,239.049548,239.409548,0
594,239.409548,239.559548,0
595,239.559548,239.709548,0
596,239.709548,240.099548,0
597,240.191534,240.731534,1
598,240.759548,240.909548,0
599,240.875268,240.972375,1
600,240.909548,241.209548,0
601,241.112573,241.4045,1
602,241.209548,241.634703,0
603,241.649269,242.013419,0
604,241.721534,242.021534,1
605,242.021534,242.621534,1
606,242.769548,243.009548,0
607,243.071534,243.311534,1
608,243.311534,243.671534,1
609,243.671534,243.876476,1
610,243.876476,244.295856,1
611,244.296463,244.415418,1
612,244.415418,244.629053,1
613,244.661534,244.956182,1
614,244.956182,245.092132,1
615,245.092132,245.529112,1
616,245.529112,246.1773,1
617,247.001534,247.175073,1
618,247.175073,247.449399,1
619,247.449399,247.692166,1
620,247.721534,247.901563,1
621,247.901563,248.141534,1
622,248.351534,248.561534,1
623,248.561534,248.711534,1
624,248.711534,248.981534,1
625,249.731534,249.881534,1
626,249.881534,250.061534,1
627,250.061534,250.211534,1
628,250.271534,250.421534,1
629,250.421534,250.571534,1
630,250.571534,250.901534,1
631,250.901534,251.501534,1
632,251.531534,251.771534,1
633,251.771534,251.831534,1
634,251.831534,252.191534,1
635,252.221534,252.551534,1
636,252.701534,252.851534,1
637,252.851534,253.271534,1
638,253.841534,254.321534,1
639,254.321534,254.771534,1
640,255.461534,255.911534,1
641,255.911534,256.091534,1
642,256.091534,256.181534,1
643,256.181534,256.301534,1
644,256.301534,256.991534,1
645,256.991534,257.201534,1
646,257.395138,257.783565,0
647,257.861534,258.191534,1
648,258.641534,258.791534,1
649,258.791534,258.971534,1
650,258.971534,259.481534,1
651,259.571534,259.751534,1
652,259.751534,260.051534,1
653,260.051534,260.261534,1
654,260.261534,260.321534,1
655,260.321534,260.591534,1
656,260.591534,261.041534,1
657,261.251534,261.371534,1
658,261.371534,261.521534,1
659,261.551534,261.821534,1
660,262.331534,262.511534,1
661,262.511534,262.751534,1
662,262.751534,263.021534,1
663,263.051534,263.501534,1
664,263.50171,263.634018,1
665,263.634018,263.951534,1
666,263.951534,264.221534,1
667,265.571534,266.111007,1
668,266.111534,266.621534,1
669,266.741534,267.10139,1
670,267.101534,267.161534,1
671,267.161534,267.341534,1
672,267.341534,267.461534,1
673,267.461534,267.821534,1
674,267.821534,268.091534,1
675,268.222366,268.286093,1
676,268.293376,268.373489,1
677,268.511534,268.871534,1
678,268.905149,269.162482,1
679,270.092886,270.406056,1
680,271.571534,271.811534,1
681,271.961534,272.351534,1
682,272.351534,272.621534,1
683,272.638905,272.922943,1
684,272.981534,273.191534,1
685,273.191534,273.281534,1
686,273.281534,273.728929,1
687,273.731534,273.971534,1
688,274.991534,275.171534,1
689,275.171534,275.321534,1
690,275.321534,275.591534,1
691,275.652858,275.782131,1
692,275.801534,275.861534,1
693,275.861534,276.101534,1
694,276.101534,276.401534,1
695,276.759548,277.119548,0
696,277.149548,277.419548,0
697,277.419548,277.449548,0
698,277.449548,277.689548,0
699,277.689548,277.989548,0
700,278.019548,278.450322,0
701,278.559548,278.919548,0
702,278.949548,279.459548,0
703,279.729548,280.11946,0
704,280.119548,280.329548,0
705,280.329548,280.419548,0
706,280.419548,280.689548,0
707,280.839548,281.199548,0
708,281.199548,281.409548,0
709,282.459548,282.639548,0
710,283.209548,283.299548,0
711,283.299548,283.719548,0
712,284.469548,284.739548,0
713,284.739548,285.099548,0
714,285.431534,285.821534,1
715,285.609548,285.939548,0
716,285.821534,286.181534,1
717,286.291696,286.493193,0
718,286.493193,286.748098,0
719,286.772375,287.015142,0
720,287.139548,287.499548,0
721,287.499548,287.709548,0
722,287.709548,287.889548,0
723,287.889548,288.279548,0
724,288.279548,288.489548,0
725,288.549548,288.759548,0
726,288.759548,288.909548,0
727,288.909548,289.179548,0
728,289.179548,289.299548,0
729,289.299548,289.509548,0
730,290.113276,290.496848,1
731,291.041534,291.611534,1
732,293.02648,293.303234,1
733,293.321534,293.501534,1
734,293.501534,293.651534,1
735,293.651534,293.891534,1
736,293.891534,294.101534,1
737,294.641534,295.061534,1
738,295.061534,295.271534,1
739,295.271534,295.661534,1
740,295.661534,295.721534,1
741,295.721534,295.991534,1
742,296.014942,296.238288,1
743,296.079548,296.409548,0
744,296.247998,296.501534,1
745,296.501534,296.621534,1
746,296.621534,296.831534,1
747,296.919548,297.459548,0
748,297.459548,297.759548,0
749,297.789548,298.359548,0
750,298.449548,298.929548,0
751,299.439548,299.679548,0
752,299.679548,299.709548,0
753,299.709548,300.099548,0
754,300.969548,301.466365,0
755,301.479548,301.899548,0
756,301.899548,302.289548,0
757,302.409548,302.769548,0
758,302.661806,302.744347,1
759,303.716816,303.760514,0
760,303.760514,303.939548,0
761,303.939548,304.029548,0
762,304.029548,304.329548,0
763,304.359548,304.569548,0
764,304.569548,304.749548,0
765,304.749548,304.869548,0
766,304.869548,305.139548,0
767,305.139548,305.409548,0
768,305.409548,305.589548,0
769,305.589548,305.649548,0
770,305.649548,306.129548,0
771,306.129548,306.459548,0
772,306.459548,307.029548,0
773,307.359548,307.869548,0
774,308.641255,309.063669,1
775,309.063669,309.341534,1
776,310.421534,310.601534,1
777,310.601534,310.811534,1
778,310.811802,310.966963,1
779,310.966963,311.252424,1
780,311.252424,311.441534,1
781,311.441534,311.591534,1
782,311.591534,311.711534,1
783,311.711534,311.861534,1
784,311.861534,311.951534,1
785,311.951534,312.191534,1
786,312.191534,312.551534,1
787,312.551534,312.807744,1
788,312.807744,312.971534,1
789,312.971534,313.207095,1
790,313.207095,313.6374,1
791,313.659548,313.899548,0
792,313.929548,314.079548,0
793,314.079548,314.199548,0
794,314.199548,314.349548,0
795,314.379548,314.709548,0
796,314.709548,314.799548,0
797,314.799548,314.919548,0
798,314.919548,315.159548,0
799,315.881534,316.121534,1
800,316.121534,316.301534,1
801,316.302852,316.661534,1
802,317.441534,317.681534,1
803,317.681534,317.921534,1
804,317.921534,318.161534,1
805,318.161534,318.439332,1
806,318.439332,318.80591,1
807,318.918797,319.032897,1
808,319.032897,319.210117,1
809,319.449548,319.749548,0
810,319.96755,320.084078,1
811,322.844339,323.021534,1
812,323.021534,323.250974,1
813,323.250974,323.359005,1
814,323.359005,323.513162,1
815,323.703128,323.84636,1
816,323.848788,323.929508,1
817,323.96653,324.129791,1
818,324.141322,324.199586,1
819,324.199586,324.288803,1
820,327.197152,327.354951,1
821,327.354951,327.52246,1
822,327.52246,327.638988,1
823,327.638988,327.850802,1
824,327.850783,328.051085,1
825,329.000911,329.457313,1
826,329.576269,329.74742,1
827,329.74742,329.904004,1
828,329.904004,330.060589,1
829,330.076369,330.161337,1
830,330.161337,330.290004,1
831,330.290004,330.46601,1
832,330.48179,330.581534,1
833,330.581534,331.031534,1
834,331.031534,331.181534,1
835,331.181534,331.361534,1
836,331.361534,331.541534,1
837,331.541534,332.081534,1
838,332.801534,333.101534,1
839,333.101534,333.311534,1
840,333.311534,333.619554,1
841,333.619554,333.911534,1
842,333.911534,334.031475,1
843,334.031475,334.091475,1
844,334.091534,334.391534,1
845,334.391534,334.541534,1
846,334.541534,334.704115,1
847,334.704115,334.847348,1
848,334.847348,335.021534,1
849,335.021534,335.441534,1
850,335.441534,335.561534,1
851,335.561534,336.131534,1
852,337.121534,337.271534,1
853,337.271534,337.691534,1
854,337.691534,337.721153,1
855,337.721153,338.171534,1
856,338.181146,338.304957,1
857,338.309812,338.644831,1
858,338.644831,338.809912,1
859,338.799548,338.919548,0
860,338.809912,339.038113,1
861,338.919548,339.369548,0
862,339.429548,339.759548,0
863,339.759548,339.999548,0
864,339.999548,340.509548,0
865,340.509548,340.629548,0
866,340.629548,340.869548,0
867,340.869548,341.259548,0
868,341.919548,342.189548,0
869,342.189548,342.309548,0
870,342.309548,342.549548,0
871,342.549548,342.699548,0
872,342.699548,342.999548,0
873,345.182547,345.680219,1
874,345.680219,345.912062,1
875,345.911534,346.451534,1
876,346.511534,346.571534,1
877,346.571534,346.781534,1
878,346.781534,346.914689,1
879,346.914689,346.961534,1
880,346.961534,347.111534,1
881,347.111534,347.381534,1
882,347.381534,347.471534,1
883,347.471534,347.681534,1
884,347.681534,347.861534,1
885,347.861534,348.221534,1
886,348.975781,349.053467,1
887,349.053467,349.151534,1
888,349.151534,349.451534,1
889,349.451534,349.601534,1
890,349.601534,349.661534,1
891,349.661534,349.871534,1
892,349.871534,350.111534,1
893,350.111534,350.261534,1
894,350.261534,350.321534,1
895,350.321534,350.441534,1
896,350.441534,350.531534,1
897,350.531534,350.861534,1
898,350.861534,351.041534,1
899,352.091534,352.331534,1
900,352.331534,352.781534,1
901,352.781534,352.901534,1
902,352.901534,353.201534,1
903,353.201534,353.441534,1
904,353.441534,353.531534,1
905,353.531534,353.681534,1
906,353.681534,353.951534,1
907,353.951534,354.011534,1
908,354.011534,354.371739,1
909,354.371739,354.461417,1
910,354.461417,354.701534,1
911,354.701534,354.911534,1
912,354.911534,355.211534,1
913,356.739548,357.129548,0
914,357.341534,357.491534,1
915,357.491534,357.671534,1
916,357.549548,357.849548,0
917,357.676551,357.873193,1
918,358.029548,358.509548,0
919,358.063765,358.291966,1
920,358.291966,358.396356,1
921,358.396356,358.716808,1
922,359.744927,360.022895,1
923,359.769548,359.919548,0
924,359.919548,360.309548,0
925,360.309548,360.939548,0
926,360.969548,361.239548,0
927,361.239548,361.539548,0
928,361.569548,361.689548,0
929,361.689548,361.929548,0
930,361.929548,362.259548,0
931,362.259548,362.409548,0
932,362.409548,362.529548,0
933,362.529548,362.889548,0
934,362.889548,363.219548,0
935,363.574576,364.205771,1
936,363.669548,364.028124,0
937,364.029548,364.419548,0
938,366.78298,366.879012,0
939,366.881428,367.031428,0
940,367.029548,367.179548,0
941,367.179548,367.509548,0
942,367.509548,367.749548,0
943,367.749548,368.019548,0
944,368.199548,368.349548,0
945,368.349548,368.769548,0
946,368.769548,369.009548,0
947,369.189548,369.759548,0
948,369.881534,370.241534,1
949,370.209548,370.359548,0
950,370.359548,370.629548,0
951,370.386619,370.910996,1
952,370.629548,370.989548,0
953,370.910996,371.182895,1
954,371.182895,371.459649,1
955,371.89663,372.226793,1
956,372.129548,372.189372,0
957,372.189372,372.369548,0
958,372.369548,372.699548,0
959,372.699548,373.029548,0
960,372.769377,372.916251,1
961,372.916251,373.064339,1
962,373.059548,373.359548,0
963,373.389548,373.509548,0
964,373.509548,373.989548,0
965,373.989548,374.439548,0
966,374.439548,374.529548,0
967,374.529548,374.619548,0
968,374.619548,374.709548,0
969,374.709548,374.949548,0
970,374.949548,375.009548,0
971,375.009548,375.189548,0
972,375.189548,375.369548,0
973,375.399372,375.519548,0
974,375.519548,375.579548,0
975,375.579548,375.729548,0
976,375.730017,376.059548,0
977,376.059548,376.299548,0
978,376.299548,376.479548,0
979,376.479548,376.779548,0
980,376.511534,377.111534,1
981,376.779548,377.103556,0
982,377.140397,377.633214,1
983,377.453141,377.584235,0
984,377.619548,377.979548,0
985,378.172764,378.302645,1
986,378.302645,378.376688,1
987,378.376688,378.611534,1
988,378.613993,378.830056,1
989,379.398738,379.427263,1
990,379.427263,379.519514,1
991,379.52437,379.721534,1
992,379.721534,379.811534,1
993,380.166488,380.284837,1
994,382.691534,382.882444,1
995,382.882444,383.467513,1
996,384.641534,384.731534,1
997,384.731534,384.851534,1
998,384.851534,385.027403,1
999,385.031534,385.239718,1
1000,387.827002,388.113467,1
1001,388.113467,388.360216,1
1002,388.360216,388.539337,1
1003,388.541534,388.751534,1
1004,388.751534,388.901534,1
1005,388.901534,389.072397,1
1006,389.072397,389.561534,1
1007,389.771534,390.041534,1
1008,390.041534,390.191534,1
1009,390.191534,390.341534,1
1010,390.341534,390.521534,1
1011,390.521534,390.821534,1
1012,390.876155,391.182042,1
1013,391.182042,391.322847,1
1014,391.322847,391.394463,1
1015,391.394463,391.481534,1
1016,391.481534,391.648155,1
1017,391.648155,391.901534,1
1018,391.901534,392.021534,1
1019,392.021534,392.141534,1
1020,392.141534,392.291534,1
1021,392.291534,392.651534,1
1022,392.651534,392.711534,1
1023,392.711534,393.161534,1
1024,393.988429,394.410843,1
1025,395.439548,395.859548,0
1026,396.549548,396.669548,0
1027,396.669548,396.909548,0
1028,396.909548,397.329343,0
1029,397.329548,397.509548,0
1030,397.659548,397.899548,0
1031,397.899548,398.349548,0
1032,398.349548,398.559548,0
1033,398.559548,398.679548,0
1034,398.682614,399.132614,0
1035,400.269548,400.599548,0
1036,400.599548,401.079548,0
1037,401.289548,401.379548,0
1038,401.379548,401.619548,0
1039,401.619548,402.069548,0
1040,402.171679,402.33676,0
1041,402.89998,402.967955,0
1042,403.149548,403.359548,0
1043,403.359548,403.629548,0
1044,404.229548,404.709548,0
1045,404.709548,404.889548,0
1046,404.889548,405.069548,0
1047,406.329548,406.479548,0
1048,406.479548,406.929548,0
1049,406.929782,407.229548,0
1050,407.469548,407.889548,0
1051,407.498413,407.789041,1
1052,407.889548,408.309548,0
1053,408.309548,408.669548,0
1054,408.669548,409.059548,0
1055,408.918601,409.088537,1
1056,409.209548,409.571218,0
1057,409.571218,409.906236,0
1058,409.925657,410.532575,0
1059,410.171534,410.231534,1
1060,410.231534,410.381534,1
1061,410.381534,410.561534,1
1062,410.561534,410.801534,1
1063,410.801534,411.011534,1
1064,410.949548,411.309548,0
1065,411.251534,411.450661,1
1066,411.450661,411.641534,1
1067,411.641534,411.971534,1
1068,411.975037,412.696055,1
1069,414.04584,414.332305,1
1070,414.407563,414.584783,1
1071,414.731534,414.881534,1
1072,414.881534,415.271534,1
1073,415.301534,415.661534,1
1074,415.661534,416.261534,1
1075,416.60946,416.789107,1
1076,416.789107,417.376604,1
1077,417.558679,418.056351,1
1078,419.117243,419.845544,1
1079,419.861534,420.131534,1
1080,420.131534,420.341534,1
1081,420.491534,420.911534,1
1082,421.035103,421.253593,1
1083,421.931534,422.081534,1
1084,422.081534,422.291534,1
1085,422.291534,422.531534,1
1086,422.531534,422.681534,1
1087,422.681534,422.916319,1
1088,422.925793,423.062131,1
1089,423.062131,423.099354,1
1090,423.101534,423.295853,1
1091,423.295853,423.53201,1
1092,423.53201,423.839988,1
1093,423.839988,424.25874,1
1094,425.349548,425.559548,0
1095,425.559548,425.949548,0
1096,425.949548,426.849548,0
1097,426.879548,426.999548,0
1098,426.999548,427.509548,0
1099,427.749548,428.259548,0
1100,428.945357,429.281534,1
1101,429.281534,429.461534,1
1102,429.461534,429.911534,1
1103,429.911534,430.121534,1
1104,430.151534,430.447509,1
1105,430.447509,430.706655,1
1106,430.479548,430.869548,0
1107,430.706655,430.900815,1
1108,430.901505,430.991534,1
1109,430.991534,431.321534,1
1110,431.321534,431.441534,1
1111,431.441534,431.561534,1
1112,432.722649,432.951502,1
1113,433.031534,433.331534,1
1114,433.331534,433.541534,1
1115,433.571534,433.871534,1
1116,433.871534,434.201534,1
1117,434.381534,434.471475,1
1118,434.471475,434.681534,1
1119,434.681534,434.861534,1
1120,435.011534,435.311534,1
1121,435.311534,435.641534,1
1122,435.641534,435.821534,1
1123,435.821534,436.031534,1
1124,436.179548,436.539548,0
1125,436.975907,437.09642,1
1126,437.09642,437.261534,1
1127,437.261534,437.325273,1
1128,437.325273,437.399528,1
1129,437.399528,437.489608,1
1130,437.49813,437.809759,1
1131,437.809759,438.149387,1
1132,438.551534,438.821534,1
1133,438.911534,439.031534,1
1134,439.031534,439.211534,1
1135,439.211534,439.601534,1
1136,440.289548,440.439548,0
1137,440.439548,440.799548,0
1138,440.98527,441.549548,0
1139,441.579548,442.029548,0
1140,442.119548,442.659548,0
1141,442.719548,443.229548,0
1142,443.289548,443.859548,0
1143,444.311178,444.789548,0
1144,444.789548,445.179548,0
1145,445.179548,445.389548,0
1146,445.869548,446.319548,0
1147,446.379548,446.949548,0
1148,446.949548,447.249548,0
1149,448.119548,448.479548,0
1150,811.331216,811.913857,0
1151,812.771534,813.311534,1
1152,813.434793,813.656563,1
1153,815.149253,815.362494,1
1154,815.362494,815.746328,1
1155,817.187839,817.41814,1
1156,817.477848,817.759326,1
1157,817.759326,817.981097,1
1158,817.981097,818.15169,1
1159,818.15169,818.291534,1
1160,818.291534,818.501534,1
1161,818.501534,818.621534,1
1162,818.621534,818.771534,1
1163,819.665703,819.98983,1
1164,820.331016,820.638084,1
1165,820.742572,820.998462,1
1166,826.342289,826.457439,1
1167,826.457439,826.636562,1
1168,826.636562,826.92657,1
1169,827.581221,827.717695,1
1170,827.717695,827.773138,1
1171,827.773138,827.861534,1
1172,827.861534,828.100362,1
1173,828.101534,828.341534,1
1174,828.341534,828.551534,1
1175,828.604779,828.745518,1
1176,828.745518,829.06538,1
1177,829.373661,829.742667,0
1178,829.541534,829.601534,1
1179,829.601534,829.811534,1
1180,829.811534,830.391741,1
1181,830.391741,830.613512,1
1182,831.197793,831.880165,1
1183,833.396377,833.69065,1
1184,833.69065,833.804735,1
1185,833.804735,834.090944,1
1186,834.090944,834.600325,1
1187,834.600858,834.668828,1
1188,835.443427,835.638543,1
1189,835.638543,835.750495,1
1190,835.750495,835.964802,1
1191,835.964802,836.062893,1
1192,836.062893,836.169514,1
1193,836.169514,836.633314,1
1194,836.643976,836.857217,1
1195,836.882806,836.991559,1
1196,836.991559,837.157887,1
1197,837.157887,837.488411,1
1198,837.488411,837.891438,1
1199,837.974602,838.375495,1
1200,839.262579,839.535528,1
1201,841.527202,842.401491,1
1202,842.41855,842.68297,1
1203,842.68297,842.79812,1
1204,842.79812,843.280045,1
1205,843.297105,843.608437,1
1206,843.608437,844.103157,1
1207,844.717292,845.357016,1
1208,845.921534,845.981534,1
1209,846.011534,846.491534,1
1210,847.871534,847.958194,1
1211,847.958194,848.171534,1
1212,848.171534,848.414896,1
1213,848.414896,848.521516,1
1214,848.521516,848.704904,1
1215,848.704904,849.489632,1
1216,850.569548,850.839548,0
1217,850.839548,851.259548,0
1218,851.259548,851.319548,0
1219,851.319548,851.889548,0
1220,851.889548,852.099548,0
1221,852.099548,852.459548,0
1222,852.459548,852.549548,0
1223,852.549548,852.789548,0
1224,852.789548,852.879548,0
1225,852.879548,853.029548,0
1226,853.029548,853.299548,0
1227,853.302386,854.104174,1
1228,856.437034,856.791014,1
1229,856.791014,857.00852,1
1230,857.00852,857.601331,1
1231,857.350133,857.767692,0
1232,859.659548,860.229548,0
1233,860.062136,860.181551,1
1234,861.101534,861.491534,0
1235,861.489548,861.909548,0
1236,861.969548,862.089548,0
1237,862.089548,862.659548,0
1238,862.659548,862.899548,0
1239,862.899548,863.169548,0
1240,863.169548,863.679548,0
1241,863.859548,864.14761,0
1242,864.196163,864.399548,0
1243,864.400087,864.754527,0
1244,864.754527,865.239548,0
1245,865.269548,865.659548,0
1246,866.079548,866.589548,0
1247,866.829548,867.159548,0
1248,867.189548,867.639548,0
1249,867.699548,868.359548,0
1250,868.659548,868.809548,0
1251,868.809548,869.169548,0
1252,869.169548,869.589548,0
1253,870.249548,870.549607,0
1254,870.579548,870.669548,0
1255,870.604786,871.001415,1
1256,870.669548,871.269548,0
1257,871.282893,871.85438,1
1258,871.85438,872.081534,1
1259,872.081534,872.171534,1
1260,872.171534,872.528222,1
1261,873.039548,873.279548,0
1262,873.069855,873.163681,1
1263,873.279548,873.519548,0
1264,873.415306,873.455822,1
1265,873.465418,873.589098,1
1266,873.519548,874.237007,0
1267,873.589098,873.905761,1
1268,874.02411,874.382355,1
1269,875.201534,875.219328,1
1270,875.219328,875.441358,1
1271,875.441358,875.622003,1
1272,875.622003,875.795079,1
1273,875.795079,876.00832,1
1274,876.00832,876.174649,1
1275,876.174649,876.318586,1
1276,876.31752,876.477451,1
1277,876.477451,877.077725,1
1278,878.31879,878.713286,1
1279,878.349548,878.679548,0
1280,878.679548,879.009548,0
1281,879.039548,879.309548,0
1282,879.309548,879.549548,0
1283,879.609548,879.819548,0
1284,879.819548,879.909548,0
1285,879.909548,880.029548,0
1286,880.089548,880.719548,0
1287,880.839548,881.379548,0
1288,881.379548,881.469548,0
1289,881.469548,881.98613,0
1290,882.309548,882.489548,0
1291,882.489548,882.789548,0
1292,882.855499,883.207347,1
1293,883.698868,883.766039,1
1294,883.766039,883.891851,1
1295,883.891851,884.100828,1
1296,884.101894,884.183992,1
1297,884.183992,884.27995,1
1298,884.27995,884.621137,1
1299,884.621137,884.868496,1
1300,884.868496,885.276854,1
1301,885.901651,886.025331,1
1302,886.661534,886.991534,1
1303,887.218416,887.342096,1
1304,887.342096,887.435922,1
1305,887.435922,887.551072,1
1306,887.576661,887.881596,1
1307,887.881596,888.15028,1
1308,888.15028,888.237709,1
1309,888.237709,888.561836,1
1310,889.089548,889.419548,0
1311,890.889548,891.309548,0
1312,891.052494,891.161247,1
1313,891.399548,891.519548,0
1314,891.519548,891.999548,0
1315,891.999548,892.419548,0
1316,893.559548,893.979548,0
1317,894.219548,894.489548,0
1318,894.489548,894.579548,0
1319,894.579548,894.789548,0
1320,894.789548,894.939548,0
1321,895.839548,896.379548,0
1322,896.379548,896.739548,0
1323,897.039548,897.219548,0
1324,897.219548,897.399548,0
1325,897.399548,897.579548,0
1326,897.579548,897.759548,0
1327,897.759548,897.999548,0
1328,897.999548,898.359548,0
1329,898.419548,898.809548,0
1330,899.559548,899.769548,0
1331,899.769548,900.129548,0
1332,900.159548,900.429548,0
1333,900.429548,900.699548,0
1334,900.699548,900.909548,0
1335,900.909548,901.239548,0
1336,901.269548,901.509548,0
1337,901.539548,902.019548,0
1338,902.079548,902.259548,0
1339,902.247663,902.43105,1
1340,902.259548,902.499548,0
1341,902.499548,902.589548,0
1342,902.589548,902.799548,0
1343,902.799548,902.949548,0
1344,902.949548,903.159548,0
1345,903.189548,903.429548,0
1346,903.429548,903.549548,0
1347,903.549548,903.819548,0
1348,903.819548,904.449548,0
1349,904.719548,904.989548,0
1350,904.989548,905.109548,0
1351,905.109548,905.469548,0
1352,905.459077,905.706437,1
1353,905.706437,906.111595,1
1354,906.131534,906.281534,1
1355,906.281534,906.459483,1
1356,906.461534,906.641534,1
1357,906.641534,906.768378,1
1358,906.768378,907.000811,1
1359,907.000811,907.414499,1
1360,907.421534,907.571534,1
1361,907.655462,907.885763,1
1362,907.885763,907.973192,1
1363,907.973192,908.397542,1
1364,908.397542,908.51056,1
1365,908.51056,908.885864,1
1366,908.885864,909.015942,1
1367,909.015942,909.303817,1
1368,909.303817,909.523456,1
1369,909.369548,909.609548,0
1370,909.609548,909.789548,0
1371,909.789548,909.909548,0
1372,909.909548,910.179548,0
1373,910.331534,910.541534,1
1374,911.182473,911.525792,1
1375,912.279548,912.459548,0
1376,912.459548,912.699548,0
1377,913.149548,913.419548,0
1378,913.419548,913.599548,0
1379,913.599548,913.869021,0
1380,913.869548,914.049548,0
1381,914.5197,914.698822,1
1382,915.639216,915.84606,1
1383,915.84606,915.942019,1
1384,915.942019,916.097685,1
1385,916.283205,916.413282,1
1386,916.413282,916.5263,1
1387,916.5263,916.667039,1
1388,916.667039,916.88881,1
1389,916.88881,917.07433,1
1390,917.499548,918.069548,0
1391,918.159548,918.429548,0
1392,918.429548,918.939548,0
1393,919.269548,919.569548,0
1394,919.569548,919.749548,0
1395,919.749548,920.022867,0
1396,920.022867,920.338464,0
1397,921.609548,921.789548,0
1398,921.789548,922.119548,0
1399,922.119548,922.389548,0
1400,922.389548,922.629548,0
1401,922.629548,922.869548,0
1402,922.869548,923.229548,0
1403,923.921509,924.264827,1
1404,924.309548,924.759548,0
1405,924.358653,924.665721,1
1406,924.821534,925.421534,1
1407,925.569864,926.051789,1
1408,926.319548,926.619548,0
1409,926.789604,927.032699,1
1410,927.766249,928.039198,1
1411,927.789548,927.849548,0
1412,928.039198,928.12023,1
1413,928.12023,928.278028,1
1414,928.278028,928.469946,1
1415,928.469946,928.674657,1
1416,928.674657,929.156583,1
1417,932.76889,933.011985,1
1418,933.301993,933.383025,1
1419,933.383025,933.549353,1
1420,933.549353,933.711417,1
1421,934.241534,934.571534,1
1422,934.73924,934.995129,1
1423,936.163692,936.300166,1
1424,936.300166,936.479289,1
1425,936.479289,936.611534,1
1426,936.611534,936.851534,1
1427,936.971534,937.151241,1
1428,937.151241,937.301124,1
1429,937.301534,937.511534,1
1430,937.811534,938.051534,1
1431,938.051534,938.17669,1
1432,938.17669,938.515743,1
1433,938.516276,938.565322,1
1434,938.564789,938.711925,1
1435,938.711925,938.907041,1
1436,939.090962,939.191185,1
1437,939.191185,939.205579,1
1438,939.343653,939.521534,1
1439,939.521534,939.731475,1
1440,939.731475,939.78986,1
1441,939.78986,939.831975,1
1442,939.831975,940.266988,1
1443,940.775035,940.834209,1
1444,940.834209,941.182859,1
1445,941.182859,941.479264,1
1446,941.189724,941.393648,0
1447,941.479264,941.750081,1
1448,941.750081,941.886555,1
1449,941.886555,942.035824,1
1450,942.071534,942.371534,1
1451,942.447913,942.678214,1
1452,942.776305,942.857336,1
1453,942.857336,943.023664,1
1454,943.025797,943.421534,1
1455,943.680448,943.811534,1
1456,943.811534,944.261534,1
1457,944.261534,944.441534,1
1458,944.465176,944.505692,1
1459,944.505692,944.740257,1
1460,944.771534,944.951534,1
1461,944.951534,945.011534,1
1462,945.011534,945.611534,1
1463,946.25427,946.392877,1
1464,946.490968,946.727666,1
1465,946.738328,946.868405,1
1466,946.931534,947.351534,1
1467,947.414303,947.520924,1
1468,947.565704,947.781078,1
1469,947.781078,947.968702,1
1470,947.968702,948.221534,1
1471,948.221534,948.307784,1
1472,948.307784,948.535952,1
1473,948.535952,948.663897,1
1474,948.698016,948.881403,1
1475,948.881403,948.995487,1
1476,948.995487,949.139425,1
1477,949.139425,949.451824,1
1478,949.451824,949.533921,1
1479,949.612821,949.866578,1
1480,949.866578,950.171513,1
1481,950.171513,950.374092,1
1482,950.399681,950.555347,1
1483,950.555347,950.715278,1
1484,950.805726,951.016933,0
1485,950.937049,951.122569,1
1486,951.122569,951.35287,1
1487,951.979799,952.20157,1
1488,953.088654,953.323219,1
1489,953.323219,953.355206,1
1490,953.355206,953.461826,1
1491,953.470356,953.521534,1
1492,953.521534,953.760364,1
1493,953.760364,953.950149,1
1494,954.675169,954.886278,1
1495,954.941534,955.451534,1
1496,955.540929,955.728581,1
1497,955.728581,955.811745,1
1498,955.811745,955.916234,1
1499,955.916234,955.990868,1
1500,956.065503,956.155064,1
1501,956.199845,956.778171,1
1502,957.77783,958.091295,1
1503,958.180856,958.694768,1
1504,959.050094,959.477364,0
1505,959.782298,960.138411,1
1506,960.669548,961.050494,0
1507,960.699236,960.950861,1
1508,961.294179,961.481534,1
1509,961.481534,961.751534,1
1510,961.87846,962.119423,1
1511,962.119423,962.332664,1
1512,962.73569,962.812457,1
1513,962.812457,962.968123,1
1514,963.377547,963.714468,1
1515,963.895723,964.013006,1
1516,964.013006,964.204923,1
1517,964.204923,964.669789,1
1518,964.748688,965.034432,1
1519,965.055756,965.202892,1
1520,965.917251,966.104903,1
1521,966.328806,966.582564,1
1522,968.371658,968.491073,1
1523,968.495338,968.934615,1
1524,971.003056,971.172411,1
1525,971.172411,971.472411,1
1526,971.472411,971.622411,1
1527,971.666236,971.937053,1
1528,971.937053,972.090586,1
1529,972.29743,972.570379,1
1530,972.582411,972.792411,1
1531,972.792411,973.122411,1
1532,973.131204,973.66644,1
1533,974.745441,975.146334,1
1534,975.146334,975.387297,1
1535,975.397959,975.830839,1
1536,975.914003,976.103788,1
1537,976.148568,976.336221,1
1538,976.800021,976.94076,1
1539,976.94076,977.132677,1
1540,977.175325,977.316065,1
1541,977.316065,977.482393,1
1542,977.482393,977.734017,1
1543,977.734017,978.079468,1
1544,978.633896,978.774635,1
1545,978.774635,979.103027,1
1546,979.103027,979.269355,1
1547,980.442411,980.620239,1
1548,980.633033,981.409231,1
1549,981.430555,981.673651,1
1550,981.68218,981.81439,1
1551,981.903951,982.445584,1
1552,982.629548,983.079548,0
1553,983.315609,983.567233,1
1554,983.567233,984.040629,1
1555,984.040629,984.454317,1
1556,984.663294,984.782709,1
1557,984.782709,984.953302,1
1558,984.953302,985.182411,1
1559,985.182411,985.302411,1
1560,985.302645,985.797737,1
1561,985.797737,986.202896,1
1562,986.202896,986.552612,1
1563,988.006917,988.412076,1
1564,988.621052,988.736202,1
1565,988.736202,988.957973,1
1566,988.957973,989.022411,1
1567,989.022411,989.232411,1
1568,989.262411,989.442411,1
1569,989.442411,990.489046,1
1570,990.489046,990.851556,1
1571,991.212411,991.392411,1
1572,991.392411,991.452411,1
1573,991.452411,991.812411,1
1574,991.81288,991.932411,1
1575,991.932411,992.176981,1
1576,992.176981,992.292411,1
1577,992.412483,992.706756,1
1578,993.299566,993.376333,1
1579,993.372068,993.606634,1
1580,994.062411,994.212411,1
1581,994.212411,994.362411,1
1582,994.362411,994.632411,1
1583,994.632411,995.082411,1
1584,995.082411,995.201679,1
1585,995.726252,995.866992,1
1586,995.871256,996.011996,1
1587,996.163397,996.295607,1
1588,996.295607,996.423036,1
1589,996.423036,996.478994,1
1590,996.478994,997.061143,1
1591,997.182411,997.302411,1
1592,997.302411,997.632411,1
1593,997.771236,998.246765,1
1594,998.246765,998.718028,1
1595,998.718028,998.841708,1
1596,998.841708,999.272455,1
1597,998.873596,999.563054,0
1598,999.272455,999.566728,1
1599,999.602979,999.856736,1
1600,999.856736,999.963357,1
1601,999.974019,1000.114758,1
1602,1000.726761,1000.831249,1
1603,1000.831249,1000.931473,1
1604,1000.931473,1001.30891,1
1605,1001.675685,1001.839881,1
1606,1001.839881,1001.937972,1
1607,1001.937972,1002.070181,1
1608,1002.121359,1002.296217,1
1609,1002.481737,1002.631006,1
1610,1002.656595,1002.739759,1
1611,1002.739759,1002.78454,1
1612,1002.839982,1003.048959,1
1613,1003.048959,1003.2622,1
1614,1003.688683,1003.812363,1
1615,1003.812363,1003.899792,1
1616,1003.899792,1004.042663,1
1617,1004.464881,1004.573634,1
1618,1004.573634,1004.693049,1
1619,1004.693049,1004.812464,1
1620,1004.812464,1005.034235,1
1621,1005.034235,1005.402411,1
1622,1005.402411,1005.582411,1
1623,1005.582411,1005.702411,1
1624,1005.702411,1005.972411,1
1625,1006.182411,1006.509865,1
1626,1006.518395,1006.650922,1
1627,1006.665531,1006.970466,1
1628,1007.022411,1007.082411,1
1629,1007.082411,1007.67203,1
1630,1007.67203,1007.80424,1
1631,1007.808505,1008.066527,1
1632,1008.079321,1008.34151,0
1633,1008.200869,1008.524995,1
1634,1009.152411,1009.182411,1
1635,1009.182411,1009.392411,1
1636,1009.392411,1009.512411,1
1637,1009.894005,1010.130702,1
1638,1010.130702,1010.471888,1
1639,1010.533728,1010.680865,1
1640,1010.759764,1010.887709,1
1641,1010.91543,1010.99433,1
1642,1011.043375,1011.329118,1
1643,1011.354707,1011.544492,1
1644,1011.544492,1011.734277,1
1645,1011.734277,1011.855825,1
1646,1011.855825,1012.079728,1
1647,1012.269548,1012.569548,0
1648,1012.533932,1012.614964,1
1649,1012.614964,1012.845264,1
1650,1012.849529,1013.214172,1
1651,1013.873087,1014.210008,1
1652,1015.082165,1015.3871,1
1653,1015.3871,1015.497986,1
1654,1015.493721,1015.832775,1
1655,1015.926601,1016.165431,1
1656,1016.165431,1016.440513,1
1657,1016.440513,1016.909643,1
1658,1016.930968,1017.04825,1
1659,1017.04825,1017.197519,1
1660,1017.197519,1017.363847,1
1661,1017.363847,1017.61334,1
1662,1017.61334,1017.856435,1
1663,1018.660354,1018.775505,1
1664,1018.775505,1018.871463,1
1665,1018.90345,1019.152942,1
1666,1019.152942,1019.276622,1
1667,1019.276622,1019.905684,1
1668,1019.914213,1020.086939,1
1669,1020.095468,1020.287386,1
1670,1020.342411,1020.402411,1
1671,1020.402411,1021.048657,1
1672,1021.048657,1021.180867,1
1673,1021.180867,1021.3344,1
1674,1022.202411,1022.412411,1
1675,1022.412411,1022.712411,1
1676,1022.837752,1023.238645,1
1677,1023.238645,1023.532918,1
1678,1023.532918,1023.744027,1
1679,1023.750424,1023.842411,1
1680,1023.842411,1023.942411,1
1681,1023.957268,1024.213158,1
1682,1024.213158,1024.443459,1
1683,1024.443459,1024.722805,1
1684,1024.722805,1025.042667,1
1685,1025.636232,1026.014949,0
1686,1026.669548,1026.879548,0
1687,1026.879548,1027.239548,0
1688,1027.299548,1027.659548,0
1689,1027.779548,1028.139548,0
1690,1028.139548,1028.559548,0
1691,1028.589548,1029.189548,0
1692,1029.369548,1029.549548,0
1693,1029.549548,1029.639548,0
1694,1029.639548,1029.999548,0
1695,1030.359548,1030.509548,0
1696,1030.509548,1030.569548,0
1697,1030.569548,1030.719548,0
1698,1030.719548,1031.079548,0
1699,1031.420714,1031.593439,1
1700,1031.606234,1031.883448,1
1701,1032.179853,1032.467729,1
1702,1032.369548,1032.609548,0
1703,1032.609548,1032.699548,0
1704,1032.699548,1032.879548,0
1705,1032.879548,1033.239548,0
1706,1033.239548,1033.419548,0
1707,1033.449548,1033.989548,0
1708,1034.499548,1034.979548,0
1709,1034.979548,1035.429548,0
1710,1036.842411,1037.112411,1
1711,1037.112411,1037.202411,1
1712,1037.202411,1037.502411,1
1713,1038.132411,1038.632535,1
1714,1039.020634,1039.412998,1
1715,1040.044192,1040.206256,1
1716,1040.206256,1040.268096,1
1717,1040.319274,1040.491999,1
1718,1040.491999,1040.596487,1
1719,1040.596487,1040.624209,1
1720,1040.652411,1040.826788,1
1721,1040.84598,1041.029367,1
1722,1041.029367,1041.050691,1
1723,1041.050691,1041.125326,1
1724,1041.125326,1041.162411,1
1725,1041.162411,1041.289522,1
1726,1041.289522,1041.344964,1
1727,1041.389745,1041.582411,1
1728,1041.609383,1041.843949,1
1729,1041.843949,1042.078514,1
1730,1042.092411,1042.451687,1
1731,1042.451687,1042.92295,1
1732,1042.92295,1043.660765,1
1733,1044.348714,1044.609548,0
1734,1044.402411,1044.509465,1
1735,1044.509465,1044.558511,1
1736,1044.564908,1044.835724,1
1737,1045.319782,1045.428535,1
1738,1045.577804,1045.797443,1
1739,1045.823032,1046.121569,1
1740,1046.121569,1046.368929,1
1741,1046.458491,1046.573641,1
1742,1046.573641,1046.671732,1
1743,1046.671732,1047.462857,1
1744,1047.565213,1047.656907,1
1745,1047.793381,1048.032411,1
1746,1048.032411,1048.212411,1
1747,1048.212411,1048.450164,1
1748,1048.453466,1048.708186,1
1749,1048.712451,1049.260481,1
1750,1049.919548,1050.039548,0
1751,1050.039548,1050.279548,0
1752,1050.279548,1050.399548,0
1753,1050.399548,1050.519548,0
1754,1050.519548,1050.789323,0
1755,1050.789323,1050.995675,0
1756,1050.995675,1051.119548,0
1757,1051.119548,1051.419548,0
1758,1051.706359,1052.098723,1
1759,1051.706983,1051.927901,0
1760,1052.137107,1052.275713,1
1761,1052.275713,1052.343951,1
1762,1052.343951,1052.510279,1
1763,1052.512411,1052.640356,1
1764,1052.642488,1052.810949,1
1765,1052.810949,1053.068971,1
1766,1053.184121,1053.326993,1
1767,1053.326993,1053.388833,1
1768,1053.471997,1053.636193,1
1769,1053.678841,1054.002968,1
1770,1054.017895,1054.184223,1
1771,1054.184223,1054.222607,1
1772,1054.342022,1054.542411,1
1773,1054.542411,1055.120352,1
1774,1055.131014,1055.888021,1
1775,1056.699548,1057.209548,0
1776,1057.299548,1057.689548,0
1777,1059.009548,1059.249548,0
1778,1059.279548,1059.98291,0
1779,1059.98291,1060.719548,0
1780,1060.749548,1061.049548,0
1781,1061.079548,1061.319548,0
1782,1061.319548,1061.619548,0
1783,1061.619548,1062.069548,0
1784,1062.849548,1063.089548,0
1785,1062.863144,1063.038002,1
1786,1063.089548,1063.419548,0
1787,1064.029574,1064.323847,1
1788,1064.622411,1064.761395,1
1789,1064.773786,1064.972101,1
1790,1064.972101,1065.176812,1
1791,1065.264241,1065.377259,1
1792,1065.377259,1065.52866,1
1793,1065.584103,1065.795212,1
1794,1065.795212,1065.959408,1
1795,1065.959408,1066.142795,1
1796,1066.142795,1066.445598,1
1797,1066.185608,1066.269548,0
1798,1066.269548,1066.580104,0
1799,1066.580104,1066.648079,0
1800,1066.648079,1066.745186,0
1801,1066.745186,1067.007374,0
1802,1067.01223,1067.289548,0
1803,1067.349548,1067.769548,0
1804,1067.87858,1068.115277,1
1805,1068.121675,1068.35624,1
1806,1068.729548,1069.149548,0
1807,1070.769548,1071.129548,0
1808,1071.159548,1071.369548,0
1809,1071.399548,1071.965292,0
1810,1071.965292,1072.419548,0
1811,1072.449548,1072.779548,0
1812,1072.779548,1073.229548,0
1813,1073.919548,1074.189548,0
1814,1074.189548,1074.429548,0
1815,1074.429548,1074.579548,0
1816,1074.579548,1074.909548,0
1817,1074.909548,1074.939548,0
1818,1074.939548,1075.329548,0
1819,1075.719548,1075.869548,0
1820,1075.869548,1075.989548,0
1821,1075.989548,1076.169548,0
1822,1076.169548,1076.259548,0
1823,1076.259548,1076.979548,0
1824,1077.632237,1077.972411,1
1825,1077.972411,1078.357257,1
1826,1078.357257,1078.585425,1
1827,1078.585425,1078.800799,1
1828,1078.800799,1079.028967,1
1829,1079.058821,1079.380815,1
1830,1079.380815,1079.726266,1
1831,1080.388593,1080.628593,1
1832,1080.628593,1080.898593,1
1833,1080.898593,1081.198593,1
1834,1081.198593,1081.498593,1
1835,1081.549479,1081.688086,1
1836,1081.688086,1081.950373,1
1837,1082.101774,1082.182806,1
1838,1082.293692,1082.353399,1
1839,1082.419504,1082.5048,1
1840,1082.56664,1083.157319,1
1841,1083.639548,1084.059548,0
1842,1084.138593,1084.348593,1
1843,1084.400516,1084.618022,1
1844,1084.658538,1085.055166,1
1845,1085.234289,1085.311056,1
1846,1085.311056,1085.357969,1
1847,1085.407015,1085.494444,1
1848,1085.57121,1085.790849,1
1849,1086.417778,1086.633152,1
1850,1086.863453,1087.048593,1
1851,1087.959548,1088.199548,0
1852,1088.199548,1088.439548,0
1853,1088.439548,1089.061905,0
1854,1089.061905,1089.219548,0
1855,1089.249548,1089.939548,0
1856,1089.939548,1090.269548,0
1857,1090.269548,1090.629548,0
1858,1090.719548,1090.869548,0
1859,1090.869548,1091.079548,0
1860,1091.079548,1091.319548,0
1861,1091.349548,1091.529548,0
1862,1091.529548,1092.129548,0
1863,1092.44611,1092.57832,1
1864,1092.549548,1092.789548,0
1865,1092.789548,1093.269548,0
1866,1093.389548,1093.659548,0
1867,1093.659548,1094.258153,0
1868,1094.258153,1094.559548,0
1869,1094.589548,1094.949548,0
1870,1094.949548,1095.489548,0
1871,1095.489548,1095.759548,0
1872,1095.759548,1095.939548,0
1873,1095.939548,1096.119548,0
1874,1096.119548,1096.419548,0
1875,1096.449548,1096.479548,0
1876,1096.479548,1096.719548,0
1877,1096.719548,1096.929548,0
1878,1096.959548,1097.439548,0
1879,1097.439548,1097.589548,0
1880,1097.589548,1098.009548,0
1881,1098.489548,1098.699548,0
1882,1098.546944,1098.981956,1
1883,1098.699548,1098.759548,0
1884,1098.759548,1099.089548,0
1885,1098.981956,1099.12696,1
1886,1099.694182,1099.753889,1
1887,1099.753889,1099.918593,1
1888,1099.918593,1100.098593,1
1889,1100.098593,1100.163313,1
1890,1100.163313,1100.504499,1
1891,1100.504499,1100.730535,1
1892,1100.730535,1100.948041,1
1893,1101.024808,1101.856449,1
1894,1101.856449,1102.116603,1
1895,1102.116603,1102.568675,1
1896,1102.779548,1102.989548,0
1897,1102.989548,1103.169548,0
1898,1103.169548,1103.379548,0
1899,1103.723376,1104.005921,1
1900,1104.005921,1104.174382,1
1901,1104.009548,1104.249548,0
1902,1104.516634,1104.755464,1
1903,1105.322079,1105.555136,0
1904,1106.109548,1106.439548,0
1905,1106.439548,1106.769548,0
1906,1107.429548,1107.729548,0
1907,1107.759548,1108.089548,0
1908,1108.089548,1108.419548,0
1909,1108.419548,1108.569548,0
1910,1108.5699,1109.169548,0
1911,1109.550195,1109.676007,1
1912,1109.829548,1110.159548,0
1913,1110.399548,1110.579548,0
1914,1110.579548,1110.699548,0
1915,1110.699548,1111.149548,0
1916,1111.149548,1111.629548,0
1917,1111.869548,1112.079548,0
1918,1112.109548,1112.409548,0
1919,1112.409548,1112.859548,0
1920,1112.889548,1113.159548,0
1921,1113.159548,1113.369548,0
1922,1113.369548,1113.759548,0
1923,1114.321453,1114.583641,0
1924,1114.583641,1114.8871,0
1925,1116.126251,1116.415348,1
1926,1116.415348,1116.540624,1
1927,1116.540624,1116.800811,1
1928,1116.800811,1117.118817,1
1929,1117.468593,1117.498593,1
1930,1117.498593,1117.708593,1
1931,1117.708593,1117.858593,1
1932,1117.858593,1118.008593,1
1933,1118.008593,1118.523163,1
1934,1118.523163,1118.848593,1
1935,1119.268593,1119.828426,1
1936,1119.828426,1119.988593,1
1937,1119.988593,1120.228593,1
1938,1120.228593,1120.561976,1
1939,1120.561976,1121.082284,1
1940,1122.186874,1122.400116,1
1941,1122.400116,1122.557914,1
1942,1122.66027,1123.176314,1
1943,1124.39179,1124.647679,1
1944,1124.647679,1124.848593,1
1945,1124.848593,1125.028593,1
1946,1125.028593,1125.176518,1
1947,1125.176518,1125.509174,1
1948,1125.509174,1126.050807,1
1949,1126.050807,1126.285372,1
1950,1126.285372,1126.46876,1
1951,1126.46876,1126.57538,1
1952,1126.57538,1126.775827,1
1953,1126.775827,1126.920831,1
1954,1126.920831,1127.206575,1
1955,1128.41352,1129.048593,1
1956,1128.637424,1128.783084,0
1957,1129.048593,1129.438593,1
1958,1131.560962,1132.226275,1
1959,1132.58452,1132.797762,1
1960,1132.797762,1132.900117,1
1961,1132.904382,1133.08777,1
1962,1133.08777,1133.292481,1
1963,1133.292481,1133.668593,1
1964,1133.698593,1133.834114,1
1965,1133.834114,1134.038826,1
1966,1134.147579,1134.330967,1
1967,1134.330967,1134.426925,1
1968,1134.424793,1134.751052,1
1969,1134.906718,1135.062384,1
1970,1135.062384,1135.262831,1
1971,1135.29695,1135.431292,1
1972,1135.431292,1135.529383,1
1973,1135.616812,1135.768213,1
1974,1135.800199,1135.928144,1
1975,1135.928144,1136.036897,1
1976,1136.056089,1136.371686,1
1977,1136.679548,1136.949548,0
1978,1136.759785,1136.915451,1
1979,1136.949548,1137.099548,0
1980,1137.099548,1137.189548,0
1981,1137.189548,1137.549548,0
1982,1137.928593,1138.078593,1
1983,1138.078593,1138.723737,1
1984,1138.659548,1139.019548,0
1985,1139.297357,1139.408242,1
1986,1139.408242,1139.789944,1
1987,1140.189548,1140.459548,0
1988,1140.459548,1140.939548,0
1989,1140.999548,1141.149548,0
1990,1141.149548,1141.449548,0
1991,1141.449548,1141.569431,0
1992,1141.569548,1141.659548,0
1993,1141.659548,1142.049548,0
1994,1142.049548,1142.139548,0
1995,1142.139548,1142.199548,0
1996,1142.199548,1142.469548,0
1997,1142.469548,1142.589548,0
1998,1142.589548,1142.769548,0
1999,1142.769548,1143.009548,0
2000,1143.009548,1143.309548,0
2001,1143.688593,1143.928593,1
2002,1143.889195,1144.120473,0
2003,1143.952414,1144.276541,1
2004,1144.577211,1144.773393,1
2005,1145.229548,1145.499548,0
2006,1145.327821,1145.524003,1
2007,1145.499548,1145.739548,0
2008,1145.739548,1146.069548,0
2009,1146.069548,1146.189548,0
2010,1146.189548,1146.339548,0
2011,1146.339548,1146.699548,0
2012,1146.699548,1146.879548,0
2013,1146.879548,1147.089548,0
2014,1147.780096,1147.878187,1
2015,1147.878187,1148.059442,1
2016,1148.059442,1148.238564,1
2017,1148.238564,1148.285477,1
2018,1148.285477,1148.368642,1
2019,1148.368642,1148.586148,1
2020,1148.586148,1149.360214,1
2021,1149.609548,1149.909548,0
2022,1149.939548,1150.359548,0
2023,1150.839548,1151.049548,0
2024,1151.049548,1151.349548,0
2025,1151.349548,1151.829548,0
2026,1151.829548,1152.009548,0
2027,1152.009548,1152.189548,0
2028,1152.189548,1152.249548,0
2029,1152.249548,1152.489548,0
2030,1152.489548,1152.669548,0
2031,1152.699548,1152.999548,0
2032,1152.999548,1153.389548,0
2033,1154.900223,1154.989784,1
2034,1154.989784,1155.058593,1
2035,1155.205158,1155.362956,1
2036,1155.365089,1155.484504,1
2037,1155.501563,1156.075182,1
2038,1155.718085,1155.863745,0
2039,1156.419548,1156.599548,0
2040,1156.599548,1156.779548,0
2041,1156.779548,1157.049548,0
2042,1157.049548,1157.169548,0
2043,1157.169548,1157.319548,0
2044,1157.379548,1157.439548,0
2045,1157.439548,1157.619548,0
2046,1157.619548,1157.799548,0
2047,1157.799548,1158.129548,0
2048,1158.339548,1158.549548,0
2049,1158.549548,1158.669548,0
2050,1158.669548,1158.969548,0
2051,1158.969548,1159.119548,0
2052,1159.119548,1159.269548,0
2053,1159.539548,1159.839548,0
2054,1159.839548,1160.079548,0
2055,1160.079548,1160.379548,0
2056,1160.379548,1160.679548,0
2057,1160.679548,1160.769548,0
2058,1160.769548,1161.039548,0
2059,1161.039548,1161.159548,0
2060,1161.159548,1161.429548,0
2061,1161.429548,1161.819548,0
2062,1162.179548,1162.389548,0
2063,1162.389548,1162.689548,0
2064,1162.719548,1162.989548,0
2065,1164.090923,1164.201808,1
2066,1164.493949,1164.679469,1
2067,1164.669548,1164.879431,0
2068,1164.879431,1165.359548,0
2069,1165.539548,1165.869548,0
2070,1165.869548,1166.169548,0
2071,1166.169548,1166.439548,0
2072,1167.185054,1167.387633,1
2073,1168.645757,1168.863263,1
2074,1168.927236,1169.038593,1
2075,1169.038593,1169.218593,1
2076,1169.218593,1169.518593,1
2077,1169.618137,1169.720493,1
2078,1169.731155,1169.874027,1
2079,1169.965721,1170.046752,1
2080,1170.072341,1170.1683,1
2081,1170.328593,1170.598593,1
2082,1170.598593,1170.838593,1
2083,1170.921042,1171.302744,1
2084,1171.338995,1171.562898,1
2085,1171.584222,1171.752683,1
